src,alt
https://smobatv-pic.tga.qq.com/42c878fddfd0d188f155b6c497e0c5c8.png,清清
https://smobatv-pic.tga.qq.com/35faba2f440631c6314f9aae67c25f83.png,杰杰
https://smobatv-pic.tga.qq.com/de4b9d54a1c9bfdffea83e29080e0aa9.png,归期
https://smobatv-pic.tga.qq.com/dfac89a287fb570f62dbc675d2efd526.png,小七
https://smobatv-pic.tga.qq.com/37f7d0359012b5e38e44202f686f271e.png,百兽
https://smobatv-pic.tga.qq.com/3c367d6e5ca7a2b79a685f05a1eb8589.png,An
https://smobatv-pic.tga.qq.com/4d6d01c683acf5694978910995f9a3eb.png,背影
https://smobatv-pic.tga.qq.com/b56f5210f974dc282e71b4ed4b79d16a.png,梓轩
https://smobatv-pic.tga.qq.com/7115f6074ac26e71cc3c750cdcd15ae0.png,忆安
https://smobatv-pic.tga.qq.com/9b3cef40ec005b398e2e6c78d733eb70.png,苏沫
https://smobatv-pic.tga.qq.com/ade9f2ceee080e3d63dad74b30d252d6.png,坦然
https://smobatv-pic.tga.qq.com/5def77d9d240b0e5fd44cdf3ed78f41d.png,情川
https://smobatv-pic.tga.qq.com/b01cb2ce26a07a06bc519a6ff847b59a.png,星痕
https://smobatv-pic.tga.qq.com/8087dfbdf220f4dbf1c2d8ced3a5faed.png,阿怪
https://smobatv-pic.tga.qq.com/28b0c1c86bba11d3777e41deef12d105.png,啊泽
https://smobatv-pic.tga.qq.com/73a963d37fbc9af5d839d39b2075874b.png,柠栀
https://smobatv-pic.tga.qq.com/8b0f78f3be042c62fb792803c864b2e2.png,凌然
https://smobatv-pic.tga.qq.com/34b847d9d4acf1fb377d2b4fd50af251.png,誓约
https://smobatv-pic.tga.qq.com/8d45528e4577c5ecb17f2aa37a78dde4.png,梓墨
https://smobatv-pic.tga.qq.com/0328bf8c0c2fc7e681a8a9604be62773.png,景青
https://smobatv-pic.tga.qq.com/b3dcd48a50cc8b4fd2a3479614157382.png,自渡
https://smobatv-pic.tga.qq.com/a9d72875be343eaa9ece04de5c15c04d.png,小落
https://smobatv-pic.tga.qq.com/98e4fa9e72db8735209227f4f121b562.png,东方
https://smobatv-pic.tga.qq.com/d9c3b3c3ef3da4614fb778678ce840a2.png,仙语
https://smobatv-pic.tga.qq.com/d0f5e9f6fee630bf5519cae6d1da095a.png,无上
https://smobatv-pic.tga.qq.com/8ae1b3437b077613bd309aa15bbee728.png,酷偕
https://smobatv-pic.tga.qq.com/5cd022c1258f158b76b9856a9fb52389.png,Fly
https://smobatv-pic.tga.qq.com/5ce064c461a25bc1594d17a707e975a4.png,今屿
https://smobatv-pic.tga.qq.com/a2a8b6d77f5f3f921406de464abe3216.png,钟意
https://smobatv-pic.tga.qq.com/8ee4721ed5162f123e89bcc47a30d0e3.png,Qy
https://smobatv-pic.tga.qq.com/a94ae4eeea3d9a98a5bf286c302e26f2.png,小夜
https://smobatv-pic.tga.qq.com/e85acf88871122e934de841cae2021e4.png,可豪
https://smobatv-pic.tga.qq.com/11872ff2e53bc3fc33d028cc9daf749d.png,花海
https://smobatv-pic.tga.qq.com/ab0ad160d0a21ab9186176d1b819da39.png,季节
https://smobatv-pic.tga.qq.com/8bc3ee8cf44809ac7f6cf9f3db18bfbd.png,赤辰
https://smobatv-pic.tga.qq.com/0588a8dd00258118b5cf1fcb610556af.png,无畏
https://smobatv-pic.tga.qq.com/a5f65ff7a7665af4718b90f48b76789c.png,小胖
https://smobatv-pic.tga.qq.com/ce86be8444a4587fd6a5201d2a1fb4ed.png,不然
https://smobatv-pic.tga.qq.com/8f3b2498ca11603c682a4ce871587728.png,傲神
https://smobatv-pic.tga.qq.com/7711821e098a9853ce69bd6903b907cc.png,小义
https://smobatv-pic.tga.qq.com/0af445ace86a94640448d1b6cd810d05.png,小椿
https://smobatv-pic.tga.qq.com/4d3742c88bdd31560a43ff09ab5e2783.png,冰然
https://smobatv-pic.tga.qq.com/9573fcc4b7d8805532f762ed6785edaa.png,鹏鹏
https://smobatv-pic.tga.qq.com/395506052f0188bda91ff4934838cc93.png,晚秋
https://smobatv-pic.tga.qq.com/926ae6a4e63c48e1ec989ae0df604f0f.png,顾兴
https://smobatv-pic.tga.qq.com/04300319226899b16d9e7ade24d6e314.png,以然
https://smobatv-pic.tga.qq.com/e1906088d0ae9e9d2c0c2ae4933748fd.png,未央
https://smobatv-pic.tga.qq.com/1e8f31a72ea4d38212bdbf473c55ee9e.png,梓凡
https://smobatv-pic.tga.qq.com/fbe28816578b5b5dcb758ce547ac5818.png,晚星
https://smobatv-pic.tga.qq.com/0bc827584405baaceb878f98453ff248.png,玄影
https://smobatv-pic.tga.qq.com/7bcd79d0e0a980c3b116ed2b2a27b0d7.png,林一
https://smobatv-pic.tga.qq.com/9f4f7b1b8aefb81a33a98c843d4fc3cc.png,九月
https://smobatv-pic.tga.qq.com/b762a5abeaa00cd1da6fdd77c490161b.png,暖阳
https://smobatv-pic.tga.qq.com/e9a35c0f92bd12e7ca50af991b5b59a4.png,迷途
https://smobatv-pic.tga.qq.com/47426b6d08ba1b9eb5d9ae750dba2e1d.png,清融
https://smobatv-pic.tga.qq.com/276858cb556f317c2b5ba8735800da28.png,千世
https://smobatv-pic.tga.qq.com/beb7d3d855278db7fc92dbd7952432a8.png,一曲
https://smobatv-pic.tga.qq.com/f9506254c198d2d0db3fff0527893892.png,末将
https://smobatv-pic.tga.qq.com/561864fc422e0fece270a52885fc8c74.png,小羽
https://smobatv-pic.tga.qq.com/268ab209ef89f2aa4bd81b452e9bac26.png,文帝
https://smobatv-pic.tga.qq.com/84ebf5c426b75033b4e1df73fbe5cf2a.png,决明
https://smobatv-pic.tga.qq.com/54deb50c5315d2e18ef58fbeaf1f1778.png,Best
https://smobatv-pic.tga.qq.com/c9bd1afee0b367315b98a831f1389c99.png,铃铛
https://smobatv-pic.tga.qq.com/d7d43bc95a455c4acdc95c1a498e7ef2.png,晨风
https://smobatv-pic.tga.qq.com/14541912d6728e93c66a42a23bf32cfe.png,花卷
https://smobatv-pic.tga.qq.com/5b4d1e1ddbb7294001b2120b5aa7662c.png,小求
https://smobatv-pic.tga.qq.com/5933ec732ac62f3a76813239d4217ae4.png,早点
https://smobatv-pic.tga.qq.com/63c9ee50a54d077c0d7af79e59c0b7cc.png,月色
https://smobatv-pic.tga.qq.com/47e30493ec817b2c34cf5c82f5b58d9c.png,幕色
https://smobatv-pic.tga.qq.com/cdd628c5a4e9fffa672d0df64fb110da.png,灵梦
https://smobatv-pic.tga.qq.com/7cc6c9642247d873cdee6a140a3beebf.png,话诗
https://smobatv-pic.tga.qq.com/6d899f90a771b5aef541a5c548363764.png,九尾
https://smobatv-pic.tga.qq.com/37c2f3e3d084f4baca8f2533c806c3c4.png,秋沫
https://smobatv-pic.tga.qq.com/48a2ded453710c49b80989954dea1922.png,情缘
https://smobatv-pic.tga.qq.com/3109a021ad37fbc536c5dc51405b8654.png,向鱼
https://smobatv-pic.tga.qq.com/03d1c607fdee6e1f4526d9568ae165d8.png,青枫
https://smobatv-pic.tga.qq.com/fd5ccf7df062feca229a9d5f47fccd2d.png,Ming
https://smobatv-pic.tga.qq.com/d8f8ea8bf065993c5a039129c836e113.png,长生
https://smobatv-pic.tga.qq.com/0d8d108ab2c3a10240430bbecce51e2f.png,一诺
https://smobatv-pic.tga.qq.com/f50df692e9332268fc0461bc15dc09fb.png,易峥
https://smobatv-pic.tga.qq.com/1dc617e6ee4edc26f834b370dd0fb879.png,绝意
https://smobatv-pic.tga.qq.com/6476ebef7ce9703c7d6a9eef1973b92c.png,佩恩
https://smobatv-pic.tga.qq.com/43b28d3e73ace965ee0bd5561258bace.png,秀豆
https://smobatv-pic.tga.qq.com/ca303f0f42b7ce8619dc433c3ed69b23.png,妖刀
https://smobatv-pic.tga.qq.com/0cdf1dd856cab1fd5475977c82f9d658.png,钎城
https://smobatv-pic.tga.qq.com/cca0e32562495551f243e1f92274e547.png,小久
https://smobatv-pic.tga.qq.com/2a64c518a7e4aeff978597d3011b75f4.png,冰冰
https://smobatv-pic.tga.qq.com/38e591cf1ed8efa83ea56f34bbb88af7.png,花月
https://smobatv-pic.tga.qq.com/d6d8526e6342b92e8d01233ccbd5df94.png,Roc
https://smobatv-pic.tga.qq.com/2ddaf7b8d271e9ed87a458ec48c946bc.png,小年
https://smobatv-pic.tga.qq.com/9e2b874427ddb2f23452748c340b266a.png,梦岚
https://smobatv-pic.tga.qq.com/3131a3a52761b06dcb89c5ab7f66e52e.png,风劫
https://smobatv-pic.tga.qq.com/12d0811490492112e295bd0409324003.png,江城
https://smobatv-pic.tga.qq.com/fcdd4da0c20422cebc71a35df5a20bfb.png,蓝桉
https://smobatv-pic.tga.qq.com/d650a1c4a421465ea1324f85691432cd.png,傲寒
https://smobatv-pic.tga.qq.com/2109f8770f35fe7af93e8e2866bb393d.png,乔兮
https://smobatv-pic.tga.qq.com/cd3b48b9f8fe8e96abab73573cd83965.png,风箫
https://smobatv-pic.tga.qq.com/e97d18a7b189150074b0bf345e748842.png,小玖
https://smobatv-pic.tga.qq.com/7c19f73653eebeb163b7861ce9961e6a.png,花云
https://smobatv-pic.tga.qq.com/faac4faa28d92bddc3e143afdd057921.png,阿改
https://smobatv-pic.tga.qq.com/60d74420e4df0e080b29c307368dacc6.png,帆帆
https://smobatv-pic.tga.qq.com/f019291412bf15426a5cbc39afd18591.png,冰尘
https://smobatv-pic.tga.qq.com/573ca193e4c832d81953b2245713471e.png,小磊
https://smobatv-pic.tga.qq.com/f6bfc9197e6dc0dfe8ffcac26544c8b8.png,言梦
https://smobatv-pic.tga.qq.com/a53645eda564019b8c18572522170a01.png,小A
https://smobatv-pic.tga.qq.com/47767bd2507a965cf4c38eabb91b8e9a.png,久凡
https://smobatv-pic.tga.qq.com/988d4be506b65f5de79bd2598d2baa2c.png,爱思
https://smobatv-pic.tga.qq.com/c887c33254a27e4b6990f4c52f33d9df.png,Cat
https://smobatv-pic.tga.qq.com/36ee63cce8a0061c6c2d887f2ebbe622.png,一笙
https://smobatv-pic.tga.qq.com/831ad155e862a0da8c048c80ae873aaf.png,小崽
https://smobatv-pic.tga.qq.com/9087aab872e1deb4f2346058b31d35cc.png,雨雨
https://smobatv-pic.tga.qq.com/c6c83917fb46d8108f687c23fb495959.png,Zero
https://smobatv-pic.tga.qq.com/c5f03a87d36aef19a400d1d09365a35a.png,无铭
https://smobatv-pic.tga.qq.com/6031efec47f5ad279253f962635a0ecc.png,星宇
https://smobatv-pic.tga.qq.com/fabf19fb0188947220f55e0a309fe101.png,子阳
https://smobatv-pic.tga.qq.com/92b982171748e8d0e08e29d817e4d164.png,不弃
https://smobatv-pic.tga.qq.com/2a4ea3d4cca408009c033f13509ed748.png,一门
https://smobatv-pic.tga.qq.com/eb48fec336a3035bbaff57bda95d65c5.png,阿豆
https://smobatv-pic.tga.qq.com/a21c30d04be583356cb6e8cffb89529e.png,稚念
https://smobatv-pic.tga.qq.com/dee0b1d9815975dc77abc3f6beee2cf6.png,夏竹
https://smobatv-pic.tga.qq.com/fb08390611f294a193e26c089a9e9b46.png,十三
https://smobatv-pic.tga.qq.com/98b7d418ea608c3f940042b2c9318285.png,笑影
https://smobatv-pic.tga.qq.com/2ee59d91feade6c3b6e42e74d289ec44.png,久酷
https://smobatv-pic.tga.qq.com/ccdc5c98a1f46ba521ccafd69424f310.png,羲和
https://smobatv-pic.tga.qq.com/eca2317db974f302eeeadb7718d4002c.png,556
